,Unnamed: 0,submission_gal_url,project_URL,github_links,participants,participants_num,build_with,repo_link,repo,submitted_to_link,submitted_to_name,submitted_to_hacks_num,likes,comments,description,Project_Summary,Innovation_Assessment,Curiosity_Assessment
0,11564,https://devfest-algiers-2021-hackathon.devpost.com/project-gallery,https://devpost.com/software/cheq-0vk7gq,https://github.com/Ne0Ss/CheQ,https://devpost.com/riad-boussoura,1,"blender, figma, mediapipe, python",https://github.com/Ne0Ss/CheQ,github.com,https://devfest-algiers-2021-hackathon.devpost.com/,DevFest Algiers 2021 Hackathon,1,0,0,"Inspiration:
  - We were inspired by the LG's motivation of bringing smart solutions for safer and more confortable homes.

What it does:
  - It detects if the personne is fainted, our system will be able to classify if the situation is dangeorous or not its will send a message to any family member that its predefined on the application and the Autorities  

How we built it:
  - We use mediapipe librairie, developed by Google, it offers open source cross-platform, customizable ML solutions for live and streaming media.\nIt contains model called pose: it is a ML solution for high-fidelity body pose tracking, inferring 33 3D landmarks and background segmentation mask on the whole body.

Challenges we ran into:
  - How the system detects that the persone is lying down on the floor \nHow the system can detect the ok sign using the right calculations 

Accomplishments that we're proud of:
  - Our hard work.

What we learned:
  - We learned a lot in time management and finding solutions to problems we did not expect.

What's next for CheQ:
  - We are aiming to improve and updgrade the system so that it can also help detecting other kinds of house incidents. ","Project Description: CheQ is a smart home safety system that detects when a person has fainted and assesses the danger level, alerting family members and authorities as needed. 

Problem Statement: The project aims to address the critical issue of quickly identifying and responding to fainting incidents at home to ensure timely assistance and enhance safety.","```json
{
  ""alignment"": [
    ""The project aims to improve safety in homes by detecting if a person has fainted, which addresses a specific problem in home safety."",
    ""The use of an open-source library (mediapipe) for body pose tracking demonstrates an innovative approach to leveraging existing technology for a new application.""
  ],
  ""misalignment"": [
    ""The project description lacks detailed analysis of existing solutions to demonstrate how this project challenges the norm."",
    ""There is no clear indication of how the system significantly increases value in terms of access, affordability, or empowerment compared to existing solutions.""
  ],
  ""scoring_evaluation"": {
    ""level_3"": {
      ""status"": ""partially met"",
      ""explanation"": ""While the project introduces a new application for safety detection, it does not fully analyze or challenge existing solutions.""
    },
    ""level_2"": {
      ""status"": ""partially met"",
      ""explanation"": ""The project shows some innovative aspects but lacks comprehensive research or testing of existing solutions.""
    },
    ""level_1"": {
      ""status"": ""fully met"",
      ""explanation"": ""The project demonstrates a new approach to a specific problem, which aligns with the criteria for innovation.""
    }
  }
}
```","```json
{
  ""alignment"": [
    ""The project seeks to detect if a person has fainted, which addresses an unaddressed problem related to safety in homes."",
    ""The use of the mediapipe library for high-fidelity body pose tracking demonstrates an innovative application of scientific principles in real-time monitoring.""
  ],
  ""misalignment"": [
    ""The project description lacks specific examples of questions that were asked to inspire growth or challenge existing limitations."",
    ""There is no mention of exploring unique ideas or processes beyond the existing technology used.""
  ],
  ""scoring_evaluation"": {
    ""level_3"": {
      ""status"": ""partially met"",
      ""explanation"": ""While the project addresses a significant safety concern and uses innovative technology, it does not fully demonstrate a culture of curiosity through questioning and exploration.""
    },
    ""level_2"": {
      ""status"": ""partially met"",
      ""explanation"": ""The project shows some curiosity in its approach to problem-solving but lacks depth in exploring new ideas or challenging norms.""
    },
    ""level_1"": {
      ""status"": ""did not meet"",
      ""explanation"": ""The project does not provide sufficient evidence of curiosity-driven inquiry or exploration of unique concepts.""
    }
  }
}
```"
1,26344,https://fellowship-orientation-22-sum.devpost.com/project-gallery,https://devpost.com/software/templatify,"https://github.com/BoscoCHW, https://github.com/iflinda, https://github.com/BoscoCHW/MLH-Hackathon-Jupyterlab-Templatify","https://devpost.com/BoscoCHW, https://devpost.com/iflinda",2,"javascript, python, react, typescript","https://www.figma.com/file/AOZGbaqUhAgOG9BeNy4HoC/MLH-Hackathon?node-id=0%3A1, https://www.figma.com/file/AOZGbaqUhAgOG9BeNy4HoC/MLH-Hackathon?node-id=0%3A1","www.figma.com, www.figma.com",https://fellowship-orientation-22-sum.devpost.com/,MLH Fellowship Orientation Hackathon - Summer A 2022,1,3,3,"Templatify & What it Does:
  - Templatify is an extension for JupyterLab that allows users to create templates based on uploaded data from a csv file to more easily conduct data analysis. We decided to create a template extension that allows users to select a csv file and choose the types of data analysis that they'd like to perform. These analyses can range from histograms, scatter plots, to correlation matrices.

Inspiration:
  - When thinking about what we could work on for this hackathon, we really had to understand how the Jupyter Lab ecosystem worked. We found that this platform is widely used by data scientists while they are collecting, organizing, and analyzing their data.
  - Upon learning more about why people loved using JupyterLab, we started to understood that their userbase really appreciated the multipurpose and usable tools that the application provided. Thus, we also wanted to provide additional tools to users to streamline their work and make it easier to analyze.

How we built it:
  - Front-end: TypeScript, React, JS
  - Back-end: Python

Challenges we ran into:
  - As with learning any new platform and ecosystem, it took us awhile to really understand how to use JupyterLab in conjunction with the skills that we currently have. We spent a lot of time early on setting up our environment and following along with tutorials to make sure we understood both the tools and userbase we were making the extension for.

Accomplishments that we're proud of:
  - We're really proud that we were able to accomplish as much as we did given the time constraints on a new platform. We're also think that Templatify is a good idea and could eventually be a really usable extension to JupyterLab ecosystem.

What we learned:
  - We really learned how to work in our group of two to solve a lot of the issues that we were having. It was really beneficial having an extra set of eyes and a fresh mind when someone was stuck on an issue for a really long time.
  - Another cool thing that we learned was how much preparation it took for data scientists to really excel at in their role.

What's next for Templatify:
  - Although we're not sure of how far we want to take the project, we firmly believe that Templatify could really be useful for users looking for a quick Jupyter Notebook template. We would potentially like to revisit this project at a later date when we're more familiar with JupyterLab.","**Project Description:** Templatify is a JupyterLab extension that enables users to create customizable templates for data analysis based on uploaded CSV files, facilitating tasks such as generating histograms, scatter plots, and correlation matrices. 

**Problem Statement:** The project aims to address the challenge of streamlining data analysis workflows for users by providing an easy-to-use template system that simplifies the process of selecting and performing various analyses on their data.","```json
{
  ""alignment"": [
    ""Templatify allows users to create templates based on uploaded data, improving the data analysis process."",
    ""The project addresses a specific need within the JupyterLab ecosystem by providing additional tools to streamline data analysis.""
  ],
  ""misalignment"": [
    ""The project does not introduce a fundamentally new approach but builds on existing functionalities of JupyterLab."",
    ""There is no indication of extensive testing or research conducted to challenge existing solutions.""
  ],
  ""scoring_evaluation"": {
    ""level_3"": {
      ""status"": ""partially met"",
      ""explanation"": ""While Templatify improves the user experience for data analysis in JupyterLab, it does not significantly challenge existing norms or introduce a new solution.""
    },
    ""level_2"": {
      ""status"": ""partially met"",
      ""explanation"": ""The project provides additional tools but does not deeply analyze or reinvent existing solutions in a way that adds substantial value.""
    },
    ""level_1"": {
      ""status"": ""did not meet"",
      ""explanation"": ""The project lacks a comprehensive examination of existing solutions and does not present a novel approach or significant innovation.""
    }
  }
}
```","```json
{
  ""alignment"": [
    ""The project seeks to understand and address the needs of JupyterLab users, indicating a curiosity about user experience and requirements."",
    ""The team learned about the JupyterLab ecosystem and the challenges faced by data scientists, showing a desire to explore and understand existing tools.""
  ],
  ""misalignment"": [
    ""The project primarily focuses on creating a template extension rather than exploring unaddressed problems or innovative ideas outside of existing frameworks."",
    ""There is no indication of questioning existing limitations or seeking to discover new problems beyond the scope of template creation.""
  ],
  ""scoring_evaluation"": {
    ""level_3"": {
      ""status"": ""partially met"",
      ""explanation"": ""The project shows some curiosity about user needs but does not significantly challenge existing frameworks or explore new ideas.""
    },
    ""level_2"": {
      ""status"": ""partially met"",
      ""explanation"": ""The team demonstrated curiosity in learning about the platform and userbase but did not fully leverage unique ideas.""
    },
    ""level_1"": {
      ""status"": ""did not meet"",
      ""explanation"": ""The project lacks a strong element of questioning existing limitations or discovering unaddressed problems.""
    }
  }
}
```"
2,78211,https://hackuc3.devpost.com/project-gallery,https://devpost.com/software/np-volunteer,https://github.com/AMoinian2004/Armin,"https://devpost.com/AMoinian2004, https://devpost.com/alekradak, https://devpost.com/ryomat, https://devpost.com/splashing23",4,"css, html",https://github.com/AMoinian2004/Armin,github.com,https://hackuc3.devpost.com/,HackUC III,1,1,1,"Inspiration: We wanted to help the community by connecting those who want to do good and chose who need help. We also wanted to fix a problem, and from personal experience, we understand that it can be difficult to get community service hours through volunteering.:

What it does: Our website represents our idea of connecting volunteers and those who need help. An organization can register, putting in who they need. Then, if a person registers and meets the qualifications, the opportunity will be shown to them. They can read more about the opportunity, visit the organizations website, and apply.:

How we built it: We used HTML to make an aesthetically pleasing website. We used attributes to link the top of the page to other parts of it, to make it easier to navigate. We inserted images and links to other websites to allow the page to be user friendly. The registration part was hardest. We had to ask for input from the user. Then we had to store and compare this user.:

Challenges we ran into: Storing and comparing the information was the hardest part. We had to use PHP to connect the html file to a SQL database. From there, we had to compare the data, and use it to formulate results. However, we were unable to use this as html is unable to store data itself but we had to use a separate database to put our information into. This database required subscription and we couldn't figure out a way to successfully connect the PHP file to the database.:

Accomplishments that we're proud of: We are proud of the fact that with little coding experience we were able to work together and make a website that would actually work in the real world. Coming in, we didn't think that we would achieve much, and we are now proud that we made a functioning website.:

What we learned: As well as learning the basics of html, css, and php, we learned the value of hard work. Throughout the day we worked hard and were able to make an actual website with little previous experience.:

What's next for NP Volunteer: Next, we plan to study PHP and SQL in order to make the website totally operational. Then, we plan to actually make NP Volunteer real. We plan to work with the town council, high school, and local businesses to make our idea a reality.","Project Description: NP Volunteer is a website designed to connect volunteers with organizations in need of assistance, facilitating community service opportunities. 

Problem Statement: The project addresses the challenge of connecting individuals seeking to fulfill community service requirements with organizations that need help, making it easier for both parties to engage.","```json
{
  ""alignment"": [
    ""The project aims to connect volunteers with those in need, addressing a specific community problem."",
    ""The team is planning to study PHP and SQL to improve the functionality of their website, indicating a commitment to enhancing their solution.""
  ],
  ""misalignment"": [
    ""The project does not provide a significantly new approach to volunteering, as it primarily connects existing resources without innovating on the concept."",
    ""The challenges faced with database integration suggest a lack of initial research into existing solutions, which could have informed their approach.""
  ],
  ""scoring_evaluation"": {
    ""level_3"": {
      ""status"": ""partially met"",
      ""explanation"": ""The project shows some innovative aspects but does not significantly challenge existing norms or provide a new solution.""
    },
    ""level_2"": {
      ""status"": ""partially met"",
      ""explanation"": ""There is an effort to improve the existing volunteer matching process, but it lacks depth in innovation.""
    },
    ""level_1"": {
      ""status"": ""did not meet"",
      ""explanation"": ""The project does not fundamentally reinvent or significantly improve upon existing solutions in a meaningful way.""
    }
  }
}
```","```json
{
  ""alignment"": [
    ""The project seeks to connect volunteers with those in need, addressing a community service gap."",
    ""The team demonstrated curiosity by questioning existing limitations in obtaining community service hours.""
  ],
  ""misalignment"": [
    ""The project description does not indicate exploration of unaddressed problems beyond the immediate goal of connecting volunteers."",
    ""There is limited evidence of leveraging unique ideas or processes beyond creating a basic website.""
  ],
  ""scoring_evaluation"": {
    ""level_3"": {
      ""status"": ""partially met"",
      ""explanation"": ""The project shows some curiosity in addressing community needs but lacks depth in exploring broader questions.""
    },
    ""level_2"": {
      ""status"": ""partially met"",
      ""explanation"": ""The team engaged with the problem but did not demonstrate extensive questioning or innovative approaches.""
    },
    ""level_1"": {
      ""status"": ""did not meet"",
      ""explanation"": ""The project lacks significant exploration of unique ideas or scientific principles.""
    }
  }
}
```"
3,101593,https://uipath2019.devpost.com/project-gallery,https://devpost.com/software/color-detector,https://github.com/NitinSafaya/ColorDetector,https://devpost.com/NitinSafaya,1,"custom-activity, euclid, uipath, visual-studio",https://github.com/NitinSafaya/ColorDetector,github.com,https://uipath2019.devpost.com/,Power Up Automation,1,1,0,"Inspiration:
  - My manager asked me a question related to color based decision making. But at that time i was unsure if i could solve it. so I tried hard and came up with this custom activity.

What it does:
  - [1] Extract color from any pixel on the screen \n[2] Extract colors from image datatype \n[3] Extract colors from image file 
  - [1] PrimaryColor - predefined enum consists of 12 primary colors \n[2] KnownColor - Default Color enum in System.Drawing 

How I built it:

Challenges I ran into:

Accomplishments that I'm proud of:

What I learned:

What's next for Color Detector:

""
https://devpost.com/software/drug-finder,""Inspiration : I was looking for alternate drugs with different prices.:

What it does : It takes an input from the user and mails the excel containing relevant data.:

How I built it : Using UiPath Studio:","**Project Description:** This project is a custom activity that extracts color information from various sources, including screen pixels, image data, and image files, to facilitate color-based decision making. 

**Problem Statement:** The project aims to address the challenge of accurately identifying and utilizing color data in decision-making processes, which can be critical in design and analysis tasks.","```json
{
  ""alignment"": [
    ""The project involves extracting color information from various sources, which can be seen as a new approach to color-based decision making."",
    ""The custom activity developed addresses a specific problem related to color extraction, indicating an exploration of ways to improve existing solutions.""
  ],
  ""misalignment"": [
    ""The project description lacks detailed testing or research that challenges existing solutions in the field of color extraction."",
    ""There is no indication of how the project increases value in terms of access, affordability, or empowerment.""
  ],
  ""scoring_evaluation"": {
    ""level_3"": {
      ""status"": ""partially met"",
      ""explanation"": ""While the project introduces a custom activity for color extraction, it does not fully demonstrate extensive innovation or improvement over existing solutions.""
    },
    ""level_2"": {
      ""status"": ""partially met"",
      ""explanation"": ""The project shows some innovative aspects, but lacks comprehensive analysis or research of existing solutions.""
    },
    ""level_1"": {
      ""status"": ""did not meet"",
      ""explanation"": ""The project does not clearly present a brand-new approach or significant improvement to existing solutions.""
    }
  }
}
```","```json
{
  ""alignment"": [
    ""The project was initiated by a question from the manager, indicating a curiosity-driven approach."",
    ""The project involves extracting colors from various sources, which demonstrates an exploration of color data.""
  ],
  ""misalignment"": [
    ""There is no indication of questioning existing limitations or seeking to discover unaddressed problems."",
    ""The project description lacks details on how it applies scientific principles in an innovative way.""
  ],
  ""scoring_evaluation"": {
    ""level_3"": {
      ""status"": ""partially met"",
      ""explanation"": ""The project shows curiosity through its initiation and exploration of color data but lacks depth in innovative application.""
    },
    ""level_2"": {
      ""status"": ""partially met"",
      ""explanation"": ""The project demonstrates some curiosity by responding to a question but does not fully explore or challenge existing concepts.""
    },
    ""level_1"": {
      ""status"": ""did not meet"",
      ""explanation"": ""The project does not show significant evidence of questioning or exploring beyond the initial prompt.""
    }
  }
}
```"
4,120264,https://makeschool.devpost.com/project-gallery,https://devpost.com/software/interactions,,https://devpost.com/miracleyear2,1,,Nan,Nan,https://makeschool.devpost.com/,Make School's Student App Competition 2017,1,13,11,"Inspiration:
  - In this life, People Communicates, Interacts to do businesses,Employers interacting with Employees,\nCustomers interacting with Sellers, Lecturers with Students to share ideas,\nfamily discussions,Doctors interacting with Patients and Caregivers etc. To make interactions more easier than ever we have\ncreated a platform called Interactions
  - Note: This application is still in its development phase and has not been completed yet. They are many more features to be Integrated...
  - Okay, Its time to Interact. Interaction is an instant real-time messaging system that provides near or remote \n one to one and one to many group or Team chat conferencing, SMS and Email messaging System. it has diverse of applications.
  - Lecturers & Students Interaction:\nInteractions has made communications  more easier than ever.\nStudents and Lecturers can now interacts with one another on educational purposes. Shares Digital Files,Photos, Quizzess, Assignments, Lectures and educates one another etc via one to one Chat and One to Many Chat,SMS and Email Conferencing System, all in real-time.
  - Doctors & Patients Interactions\n           Doctors and Patients Communication is now awesome. Doctors, Patients and their respective CareGiver can now have one to one as well\nas one to many(Conferencing) Chat interaction to educate one another, solve medical issues and treatment. They can Share Medical files in the form \nof X-RAY Scanned Data, Lab Results, Digital photos all in real-time....
  - Employer & Employee Interaction...\n              Communication between Employer, Employee and their respective customers has been easier than ever. They can have one to one chat \ncommunication, Group Conferencing Chat communication and can communicate remotely with Digital files sharing options. All in real-time...\n

Technology Used:
  - Building a Real-Time Messaging  &  Communication System requires Full Duplex Technology that can allow sending and receiving of rich text messages simultaneously. This will help to prevent Server Timely data call for updates, reduces Sever-load and latency while optimizing Server Performance.\nThis app was built using PHP, NodeJs AND Socket.IO 

Features Already Integrated:

What's next for Interactions:
  - 1.)Introduction of Video and Audio Calls\n2.)Digital Whiteboard Sessions(For Live Conferencing)\n3.)Message Propagation Via SMS if the recipient is Offline\n4.)Porting the app to Android & IOS and Creation of an extension to Google Chrome and Mozilla Browser...\n5.) Many More.","**Project Description:** Interactions is a real-time messaging platform designed to facilitate seamless communication among various user groups, including students and lecturers, doctors and patients, and employers and employees, through one-on-one and group chat functionalities, as well as SMS and email messaging. 

**Problem Statement:** The project aims to solve the challenges of effective communication and interaction among diverse stakeholders in educational, medical, and business environments, making it easier to share information and collaborate in real-time.","```json
{
  ""alignment"": [
    ""The platform provides a new approach to communication by integrating various messaging systems (real-time chat, SMS, Email) into one application."",
    ""The project addresses multiple interaction scenarios (students and lecturers, doctors and patients, employers and employees), which improves communication efficiency and accessibility.""
  ],
  ""misalignment"": [
    ""The application is still in development and has not been completed, which limits its current innovative impact."",
    ""While it proposes new features, the core concept of messaging systems is not entirely new, which may limit its innovation level.""
  ],
  ""scoring_evaluation"": {
    ""level_3"": {
      ""status"": ""partially met"",
      ""explanation"": ""The project introduces a new platform for communication but relies on existing messaging technologies.""
    },
    ""level_2"": {
      ""status"": ""partially met"",
      ""explanation"": ""The integration of various communication methods shows potential for innovation, but the project is still in development.""
    },
    ""level_1"": {
      ""status"": ""did not meet"",
      ""explanation"": ""The project does not significantly challenge existing norms as it builds upon established messaging systems.""
    }
  }
}
```","```json
{
  ""alignment"": [
    ""The project seeks to improve communication between various groups (students and lecturers, doctors and patients, employers and employees), which reflects a curiosity about enhancing existing interaction methods."",
    ""The platform aims to integrate diverse applications and features, such as video calls and digital whiteboards, indicating a desire to explore innovative solutions for communication.""
  ],
  ""misalignment"": [
    ""The project description does not explicitly mention any questioning of existing limitations or challenges in current communication systems."",
    ""There is a lack of emphasis on discovering unaddressed problems beyond the general improvement of communication.""
  ],
  ""scoring_evaluation"": {
    ""level_3"": {
      ""status"": ""partially met"",
      ""explanation"": ""The project shows some curiosity in enhancing communication but lacks a strong emphasis on questioning existing limitations.""
    },
    ""level_2"": {
      ""status"": ""partially met"",
      ""explanation"": ""The integration of diverse features suggests curiosity, but it does not deeply explore unaddressed problems.""
    },
    ""level_1"": {
      ""status"": ""did not meet"",
      ""explanation"": ""There is no clear indication of questioning existing norms or seeking unique ideas beyond feature integration.""
    }
  }
}
```"
5,175914,https://wolfhacks21.devpost.com/project-gallery,https://devpost.com/software/howler-heart,https://github.com/IonicArgon/howler-sustain-app,"https://devpost.com/IonicArgon, https://devpost.com/Wiserlightning, https://devpost.com/agrimreaper, https://devpost.com/itsrajan",4,"arduino, c++, figma, node.js, typescript","https://www.figma.com/proto/JTQjF38vPDt4dh2QsdEpF9/Howler-Heart?node-id=13%3A3&scaling=scale-down&page-id=0%3A1, https://www.figma.com/proto/JTQjF38vPDt4dh2QsdEpF9/Howler-Heart?node-id=13%3A3&scaling=scale-down&page-id=0%3A1, https://www.figma.com/proto/JTQjF38vPDt4dh2QsdEpF9/Howler-Heart?node-id=13%3A3&scaling=scale-down&page-id=0%3A1","www.figma.com, www.figma.com, www.figma.com",https://wolfhacks21.devpost.com/,WolfHacks21,1,3,1,"Inspiration:
  - A good environment and sustainability are absolutely necessary for human survival, however, without any organization, a fully sustainable planet wouldn't be able to survive. Our group, Team 25, were motivated to create a product that would manage all of the systems on Planet Howler.

What it does:
  - Our product, Howler Heart, condenses all of the information from the various systems into a single, primary dashboard. We've managed to create a single analytics page that shows live updates of the weather, generated power, and agriculture. By using wireless technologies, we are able to seamlessly transfer data from various locations into Howler Heart, providing insightful data about the sustainability on the planet.

How we built it:
  - By using various sensors attached to an Arduino, we are able to collect a lot of data on the sustainability on planet Howler. C++ is able to parse the data coming from the Arduino and store it as data to transfer wirelessly. Then, Figma was used to create the final Howler Heart dashboard and provide live updates about the various systems on the planet. A typescript API was also created for surveillance of greenhouses. 

Challenges we ran into:
  - A challenge we came across was creating a software using C++ using SFML. Since SFML wasn't meant to prototype analytics C++ software, we attempted to use QT, another C++ API. However, our lack of knowledge with QT made it difficult to create a viable solution. This is why we decided to create a frontend analytics board with Figma.
  - Another challenge we faced was working collaboratively through an online interface. While the entirety of our group got along very well, completing online group work was very difficult, especially when creating 3D models and creating the physical Arduino prototype.  However, we managed to overcome this challenge and ended up creating fairly good work.
  - Our final challenge was serial communication between the Arduino and the computer. To fix this, we implemented an external C++ library to make the Arduino function. 

Accomplishments that we're proud of:

What we learned:

What's next for Howler Heart:
  - Convert our prototype to a finalized C++ software that can be implemented in real life.  A GUI would be used to make the project flow more smoothly. Creating a functional backend and a data-base for live analytics would also be a next step. ","**Project Description:** Howler Heart is a comprehensive dashboard that consolidates real-time data on weather, power generation, and agriculture systems on Planet Howler to enhance sustainability management. 

**Problem Statement:** The project aims to address the lack of organized data management for sustainability systems on Planet Howler, which is essential for ensuring a viable and sustainable environment.","```json
{
  ""alignment"": [
    ""The product Howler Heart condenses information from various systems into a single dashboard, improving access to sustainability data."",
    ""The use of wireless technologies for data transfer demonstrates an innovative approach to monitoring environmental systems.""
  ],
  ""misalignment"": [
    ""The project primarily builds on existing technologies (Arduino, C++, Figma) rather than introducing a completely new approach."",
    ""The challenges faced indicate a reliance on existing solutions without significant innovation in overcoming them.""
  ],
  ""scoring_evaluation"": {
    ""level_3"": {
      ""status"": ""partially met"",
      ""explanation"": ""The project shows some innovative aspects in data integration and accessibility but relies heavily on existing technologies.""
    },
    ""level_2"": {
      ""status"": ""partially met"",
      ""explanation"": ""While there are innovative elements, the project does not significantly challenge existing norms or introduce groundbreaking methods.""
    },
    ""level_1"": {
      ""status"": ""did not meet"",
      ""explanation"": ""The project does not present a completely new approach or solution that fundamentally changes the way sustainability data is managed.""
    }
  }
}
```","```json
{
  ""alignment"": [
    ""The project seeks to manage all systems on Planet Howler, indicating a desire to address unaddressed problems related to sustainability."",
    ""The use of various sensors and technologies to collect and analyze data demonstrates a curiosity-driven approach to understanding and improving sustainability.""
  ],
  ""misalignment"": [
    ""The project description does not explicitly mention any questions that inspired growth or exploration beyond existing limitations."",
    ""There is a lack of detail on how the team questioned existing systems or processes, which would further illustrate curiosity.""
  ],
  ""scoring_evaluation"": {
    ""level_3"": {
      ""status"": ""partially met"",
      ""explanation"": ""The project demonstrates some curiosity through its innovative approach to sustainability but lacks explicit questioning of existing limitations.""
    },
    ""level_2"": {
      ""status"": ""partially met"",
      ""explanation"": ""The project shows curiosity in its use of technology and data collection, but does not fully explore or challenge existing paradigms.""
    },
    ""level_1"": {
      ""status"": ""did not meet"",
      ""explanation"": ""The project does not provide sufficient evidence of questioning or exploring unique ideas beyond the implementation of technology.""
    }
  }
}
```"
6,215509,https://pickhacks2021.devpost.com/project-gallery,https://devpost.com/software/owlie,https://github.com/sahithvibudhi/owlie,"https://devpost.com/skvg45, https://devpost.com/sppgn, https://devpost.com/vijaydachepally897",3,"bootstrap, css, docker, express.js, heroku, html, javascript, jquery, mongodb, node.js","https://github.com/sahithvibudhi/owlie, https://github.com/sahithvibudhi/owlie","github.com, github.com",https://pickhacks2021.devpost.com/,PickHacks 2021,1,0,0,"Inspiration:
  - Suggestions we get on platforms like Netflix, Youtube, Spotify, and Medium are great. but we tend to be inquisitive about what our friends are watching. So, we built a chrome extension that suggests media based on what your friends are watching

What it does:
  - \nAdd Friends and make privacy settings\n\nOwlie tells you where your friends are on the internet whenever you open a New Tab\n\nOwlie let's you know if your friend is on the same site. so, you can browse the same media content\n\n
  - Watch Demo: https://www.loom.com/share/bc21bf8e5d5e49a1b033f16cf8923b2e

How we built it:
  - We built the chrome extension in HTML, CSS, and Vanilla Javascript and the server using NodeJS, Mongo, Docker, and Heroku

Challenges we ran into:

Accomplishments that we're proud of:
  - We had to write a background worker for the browser that keeps tracks of which website the user is on and sync the data to the server based on the user's privacy settings - which was hard to design and implement.  We are proud of implementing this feature without comprising on user's privacy

What we learned:
  - We have learned to build chrome extensions, CI/CD to automatically deploy backend to Heroku. But most importantly, how to rapidly spin up a prototype

What's next for Owlie:","**Project Description:** Owlie is a Chrome extension that enhances your media consumption experience by suggesting content based on what your friends are currently watching online. 

**Problem Statement:** The project aims to solve the disconnect between individual media consumption habits and the desire to engage with friends' viewing experiences, providing a way to discover and enjoy content together.","```json
{
  ""alignment"": [
    ""The project introduces a new way to receive media suggestions based on friends' activities, challenging the traditional recommendation systems."",
    ""The implementation of privacy settings demonstrates an innovative approach to user data management in social media contexts.""
  ],
  ""misalignment"": [
    ""The project does not significantly improve existing solutions in terms of access or affordability."",
    ""The concept of suggesting media based on friends' activities is not entirely new and may not represent a groundbreaking innovation.""
  ],
  ""scoring_evaluation"": {
    ""level_3"": {
      ""status"": ""partially met"",
      ""explanation"": ""The project introduces some innovative features but does not fully challenge existing norms in a transformative way.""
    },
    ""level_2"": {
      ""status"": ""partially met"",
      ""explanation"": ""While it offers a new perspective on media suggestions, it lacks significant improvements over existing solutions.""
    },
    ""level_1"": {
      ""status"": ""did not meet"",
      ""explanation"": ""The project does not present a completely new approach or solution that addresses a significant problem.""
    }
  }
}
```","```json
{
  ""alignment"": [
    ""The project addresses a curiosity about what friends are watching, which inspires the creation of a new media suggestion tool."",
    ""The development of a background worker to track user activity while maintaining privacy demonstrates a thoughtful approach to problem-solving.""
  ],
  ""misalignment"": [
    ""The project does not explicitly mention questioning existing limitations or exploring unaddressed problems beyond the social media aspect."",
    ""There is no indication of leveraging unique ideas or processes outside of existing media suggestion frameworks.""
  ],
  ""scoring_evaluation"": {
    ""level_3"": {
      ""status"": ""partially met"",
      ""explanation"": ""The project shows curiosity in social interactions but lacks broader questioning of existing media suggestion limitations.""
    },
    ""level_2"": {
      ""status"": ""partially met"",
      ""explanation"": ""The project demonstrates some curiosity through its unique approach to media suggestions based on friends' activities.""
    },
    ""level_1"": {
      ""status"": ""fully met"",
      ""explanation"": ""The project successfully implements a new concept that enhances user engagement through curiosity about friends' media consumption.""
    }
  }
}
```"
7,220547,https://intuitionv6.devpost.com/project-gallery,https://devpost.com/software/facial-expression-recognition,,"https://devpost.com/Booxworm, https://devpost.com/hanliong-looi",2,"keras, numpy, python, scikit-learn, tensorflow",Nan,Nan,https://intuitionv6.devpost.com/,iNTUition v6.0,1,0,0,"Inspiration:
  - People with low social EQ struggle to understand the human body language and unable to read what they're feeling from the facial expressions. We hope that this project is able to fill this gap and help these people have more meaningful conversations

What it does:
  - Our project is a model that reads an image of a face and accurately output the emotions of the person in the image

How we built it:
  - We made use of image processing in keras and tensorflow, and through the use of a convolutional neural network (VGG-16), we are able to train the model to recognize faces in the images and their emotions

Challenges we ran into:
  - With only 24 hours, we can only train the model with a limited amount of data and it was difficult finding a decent amount of data set of Asian faces showing the expressions we wanted

Accomplishments that we're proud of:
  - We are able to build the program and train the model in the nick of time and the program was able to produce promising results

What we learned:
  - We have learned that when training the model, the number of layers increases the training time exponentially and it is important to balance the effectiveness of the model and the time taken to train the model when we are working on a project with a time constraint

What's next for Facial Expression Recognition:
  - We can link this project with Skype and improve it even further to make it real time instead of a screen capture so that the project is more suitable for real life applications","**Project Description:** This project aims to develop a facial expression recognition model that helps individuals with low social emotional intelligence understand and interpret human emotions through facial cues. 

**Problem Statement:** The project addresses the challenge faced by people with low social EQ in recognizing and understanding body language and facial expressions, which hinders their ability to engage in meaningful conversations.","```json
{
  ""alignment"": [
    ""The project addresses the gap in understanding human body language for people with low social EQ, which is a significant social issue."",
    ""The use of convolutional neural networks (VGG-16) for emotion recognition from facial expressions demonstrates an innovative approach to improving existing solutions in emotional intelligence.""
  ],
  ""misalignment"": [
    ""The project relies on a limited dataset, which may restrict its effectiveness and innovation potential."",
    ""The initial implementation is constrained by a 24-hour timeline, which may limit the depth of exploration and testing of the proposed solution.""
  ],
  ""scoring_evaluation"": {
    ""level_3"": {
      ""status"": ""partially met"",
      ""explanation"": ""While the project introduces a novel approach to emotion recognition, its reliance on limited data and time constraints affects its overall innovation potential.""
    },
    ""level_2"": {
      ""status"": ""partially met"",
      ""explanation"": ""The project shows promise in improving emotional understanding but lacks extensive testing and validation due to time limitations.""
    },
    ""level_1"": {
      ""status"": ""fully met"",
      ""explanation"": ""The foundational concept of using image processing for emotion recognition is innovative and addresses a clear problem.""
    }
  }
}
```","```json
{
  ""alignment"": [
    ""The project addresses an unaddressed problem of low social EQ individuals struggling to understand body language and facial expressions."",
    ""The use of convolutional neural networks (VGG-16) to recognize emotions in facial images demonstrates an innovative application of scientific principles.""
  ],
  ""misalignment"": [
    ""The project faced limitations due to time constraints, which may have hindered deeper exploration and questioning of existing methods."",
    ""The reliance on a limited dataset may restrict the project's ability to fully explore the diversity of facial expressions across different demographics.""
  ],
  ""scoring_evaluation"": {
    ""level_3"": {
      ""status"": ""partially met"",
      ""explanation"": ""The project shows curiosity by addressing a significant problem but is limited by constraints that prevent deeper exploration.""
    },
    ""level_2"": {
      ""status"": ""partially met"",
      ""explanation"": ""The project demonstrates some curiosity through innovative methods but lacks comprehensive questioning of existing limitations.""
    },
    ""level_1"": {
      ""status"": ""did not meet"",
      ""explanation"": ""While there is a focus on a relevant issue, the project's execution and constraints limit its curiosity-driven exploration.""
    }
  }
}
```"
8,222355,https://hackrice-9.devpost.com/project-gallery,https://devpost.com/software/occupotty-sx63pm,https://github.com/texashoneybadgers/HackRice9,"https://devpost.com/Chao07, https://devpost.com/SpenceSimm, https://devpost.com/murphe14325, https://devpost.com/ryancorridor",4,"api, arduino, bootstrap, css, firmata, html, javascript, jquery, mongodb, python",https://github.com/texashoneybadgers/HackRice9,github.com,https://hackrice-9.devpost.com/,HackRice 9,1,2,2,"Inspiration:
  - OccuPotty was inspired by one of our team members recent experiences. At his internship in the summer, there were two bathrooms on his floor, and they were on opposite corners. Numerous times he walked to the bathroom only to find the bathroom was occupied and his emergency had to wait. We decided to take this _""""unique"""" _ challenge and find a solution.

What it does:
  - The user experience is consumed through a webpage. There it lists the locks that are under the organization and shows whether they are locked or unlocked. In our case, we modeled our organization after a bathroom. If someone enters or exits a stall, the webpage will update to reflect the new status of the lock.
  - There is also a live physical status on the lock represented by LEDs. This could be used by maintenance to troubleshooting lock issues.

How we built it:
  - For hardware, we have an Arduino monitoring and controlling that status of the locks. To interact with it, we have chosen to utilize pyFirmata, a Python library of Firmata.
  - Any information is transferred via an API, called LockRice, that we have crafted ourself. This API interacts with a MongoDB database and reflects the current status that the Arduino sends it.
  - For the front end, we are using HTML, CSS, JavaScript, and JQuery to represent the current status of the lock and get the current status from the MongoDB database.

Challenges we ran into:
  - The biggest challenge we faced on the software side was figuring out how to request data from our database and connect it to our toggle feature on the website. It took lots of researching and trial and error to overcome this challenge.
  - On the hardware side, our engineers faced a challenge of the vacant light acting on its own accord. After double and triple-checking the python code and the circuitry, they overcame the challenge.

Accomplishments that we're proud of:
  - We are proud of the progress we made throughout this project. Coming into this event, none of us had a lot of experience or knowledge into what they were assigned to do. This was on purpose, as it was a way to learn different technologies.

What we learned:
  - """"I learned how to create an API from scratch and how to connect that various parts of the project."""" - Ryan Hall
  - """"I learned more about databases and APIs while also further learning and refining my knowledge of front end languages."""" - Emily Murphy
  - """"I learned to integrate hardware with software by utilizing databases and leveraging APIs."""" - CJ Sewell
  - """"I learned more about the intricacies of Arduino circuits, specifically how to create more complex circuitry."""" - Spence Simmons

What's next for OccuPotty:
  - OccuPotty could be expanded in several ways, such as adding automatic locking, or a system of reservations. This application can also be shown to be useful in other areas.","**Project Description:** OccuPotty is a web-based system that provides real-time updates on the occupancy status of bathroom stalls using an Arduino-controlled locking mechanism and a custom API. 

**Problem Statement:** The project aims to solve the inconvenience of users encountering occupied bathrooms by allowing them to check the availability of stalls before making the trip.","```json
{
  ""alignment"": [
    ""The project addresses a common problem of bathroom occupancy, providing a solution that improves user experience."",
    ""The use of an API to connect hardware and software demonstrates innovative integration of technology.""
  ],
  ""misalignment"": [
    ""The project does not significantly challenge existing solutions beyond providing a status update for bathroom locks."",
    ""There is no indication of a new approach that fundamentally redefines the problem or solution.""
  ],
  ""scoring_evaluation"": {
    ""level_3"": {
      ""status"": ""partially met"",
      ""explanation"": ""The project improves an existing solution but does not fully reinvent or challenge the norm.""
    },
    ""level_2"": {
      ""status"": ""partially met"",
      ""explanation"": ""The integration of technology is innovative, but the overall concept is not groundbreaking.""
    },
    ""level_1"": {
      ""status"": ""did not meet"",
      ""explanation"": ""The project does not present a brand-new approach or significantly enhance value in a transformative way.""
    }
  }
}
```","```json
{
  ""alignment"": [
    ""The project addresses a unique challenge of bathroom occupancy, which demonstrates curiosity about improving user experience in a common situation."",
    ""The team sought to learn and apply new technologies, such as creating an API and integrating hardware with software, indicating a desire for growth and exploration.""
  ],
  ""misalignment"": [
    ""The project primarily focuses on a specific problem rather than questioning broader limitations or exploring unaddressed problems outside of the immediate context."",
    ""While the project involves learning new technologies, it does not explicitly demonstrate questioning existing scientific principles or exploring outside-of-the-box ideas beyond the bathroom context.""
  ],
  ""scoring_evaluation"": {
    ""level_3"": {
      ""status"": ""partially met"",
      ""explanation"": ""The project shows some curiosity by addressing a unique problem and learning new technologies, but it lacks broader exploration of scientific principles.""
    },
    ""level_2"": {
      ""status"": ""partially met"",
      ""explanation"": ""The team engaged in learning and problem-solving, which reflects curiosity, but the focus remained narrow.""
    },
    ""level_1"": {
      ""status"": ""did not meet"",
      ""explanation"": ""The project does not demonstrate a significant level of curiosity in questioning broader limitations or exploring unaddressed problems.""
    }
  }
}
```"
9,277348,https://behavioralhealth.devpost.com/project-gallery,https://devpost.com/software/truclinic,,"https://devpost.com/LaurelChristensen, https://devpost.com/TruClinic, https://devpost.com/vitalio",3,"amazon-ec2, amazon-rds-relational-database-service, amazon-web-services, android, angular.js, bootstrap, google-app-engine, html5, javascript, nginx, node.js, php, postgresql, rabbitmq, react, react-native, redis, socket.io, stylus, symfony, typescript",Nan,Nan,"https://behavioralhealth.devpost.com/, https://gehealthcloud.devpost.com/","Behavioral Health Patient Empowerment Challenge, GE Health Cloud Innovation Challenge",2,23,23,"Inspiration:
  - Justin Kahn was struck in the head with a baseball bat when he was 14 years old. In his teens and twenties, he would suffer from anxiety and panic attacks. When Justin was 27, he had a panic attack that scared him into seeking out the help of a neurologist. After working with her for almost a year, she discovered that he did not have PTSD. Instead, what he had been experiencing for 13 years, were seizures that were caused by the traumatic brain injury. She put him on an anti-seizure medication that alleviated what he had been experiencing.
  - In 2009, he read an article that was in the speech that Robert Gates, the former Secretary of Defense, gave to the graduating class of West Point. He said that the Department of Defense was going to begin investing billions of dollars each year to address the PTSD epidemic plaguing all branches of the military. 
  - Justin grew up around the VA. His stepfather was an administrator for the VA. He thought that the way to address this problem would be to establish a relationship at the beginning of the service members career with their home state VA and have it continue into the rest of their lives. He knew from his own experience that the most effective mechanism for him to deal with his seizures, which can be similar to the symptoms of PTSD, was having someone to talk to. 
  - A lot has been done to address mental health in the military, but there are some service members that do not proactively address the issues they are dealing with. The reason is there can be a stigma attached with having mental health issues, as well as real world implications because they can be pulled away from their unit, possibly lose rank or pay, get passed over for advancement, or even be discharged. The result is, as troops transition to veteran status, some come back suffering from traumatic experiences that are having a dramatic effect on their transition back to civilian life. 
  - Justin approached the Salt Lake VA with the idea of having active duty troops being able to meet with VA practitioners from their home state while deployed, and have it be done through secure video conferencing. The VA agreed to test the concept of online care by teaching relaxation exercises to a small group veterans to see if they would have the same retention rate or better as doing in-person. 
  - When Justin received pre-seed capital in 2012 to start TruClinic, he approached his friend and software engineer, Trevor Wilkin. Justin Kahn/CEO and Trevor Wilkin/CTO have known each other since 2007, and have worked on multiple creative projects together. Brian Russon was originally introduced to TruClinic while he was with Microsoft and looking for Surface use cases in healthcare, of which we were utilizing with the University of Utahs NICU unit. Brian joined the company initially in an advisory role for over three years before joining the company as Chief Revenue Officer. Lori Douglas joined the company as a result of her excellent work in the physician staffing industry with one of our investor/board members when we identified the need for someone to manage and grow our existing clients to ensure client success with our early adopters. Alex Zoller & Vitaly Leokumovich, co-Founders of Overl.ai joined the company in 2017 with the TruClinic acquisition of Overl.ai. Alex has over 10 years in the EHR industry and is now TruClinic's Head of Product. Vitaly is the co-Founder of IDEOM and Ego7 and is now TruClinic's VP of Engineering. 

What it does:
  - TruClinic connects the clinical applications and services healthcare organizations need to fit their unique workflows and patient population by streamlining communication between multiple clinical systems and services to eliminate repetitive tasks and data entry. Fast access to information when providers need it leaves them with the time they need to focus on patient care by staying connected with patients through telehealth technologies.
  - TruClinic gives the caregivers the tools they need to provide the right types of healthcare services and information at the right time to best serve the patient's individual needs. TruClinic is used as an extensibility of the systems the providers and staff use on a daily basis. TruClinic solves the problem of patient management, patient engagement and patient adherence by giving the providers the ability to customize the telehealth experience based on their different subsets of patients.

How we built it:
  - Trevor Wilkin and Jon Fuller/Director of Customer Support were the driving force of the first two iterations of the TruClinic platform. The first version was built on a LAMP stack using Javascript. Version 1.0 used a Flash based video codec. TruClinic was an early adopter of WebRTC for the video codec which was rolled out in Version 2, along with moving away from Javascript and into Node.js and Angular. Version 3 (code name: Olympus) is built on Node.js, Angular, React and Typescript. 

Challenges we ran into:
  - We believed that TruClinic would be the solution that providers would flock to. The thought at first was to get customers, regardless of size of practice or length of sales cycle. We were not charging enough either. The positive side of the challenge was that we got a birds eye view into all different types of healthcare providers. The negative side was that we did not have a cohesive sales strategy and it was very hard to predict revenue. Small practices were easy to sell to, but they had high attrition rates because they did not have the infrastructure or budget to implement a successful and scalable telemedicine strategy. Enterprise customers have the infrastructure and budgets, but the sales cycles can be anywhere between 6 months to 2 years. This experience helped to shape the customer acquisition strategy and that helped us focus on hone in on our sales process.
  - Fundraising was also a major challenge. As a small company where everyone is wearing multiple hats, the time and resources needed to fundraise were taking away from other tasks that needed to be completed. The executive team decided to raise the least amount of funds possible and to bootstrap for as long as possible. The whole team learned to operate using lean methodology and kept the growth in line with revenue. The company was not able to grow as fast as it had projected, but it gave us time to work out all the bugs before it was ready to scale.

Accomplishments that we're proud of:
  - TruClinic was a winner of the Village Capital/VentureWell/SOURCE/Hitachi Foundation accelerator in 2014. The company is also an alumni of the Startup Bootcamp Miami accelerator in 2016. TruClinic currently has 11 employees and 7 independent contractors. The technology has been featured in trade organizations and publications such as The Advisory Board, AGC Partners, IDC Global Insights, the Journal of mHealth & Healthcare IT News. The company has two issued patents which outline the process for browser based online healthcare consultations (US Patent 8,718,245 and US Patent 9,374,394) with a third in review. TruClinic currently has 25 customers spanning 4 continents, in 7 countries and in all 50 states.

What we learned:
  - The use cases for telehealth are as broad as the providers and the patients they care for. We have learned that our customers want a flexible technology with a modular feature set that they can scale throughout their entire organization. We have also learned that healthcare moves at different paces, depending on the priorities, budget, internal teams, etc. We learned to work with our customers to develop the strategies and deployment plans that will lead to a successful rollout. We treat our customers like partners and learn as much from them as they do from us.

What's next for TruClinic:
  - We will be doing a fundraise at the end of Q1/2017 for sales and marketing scale. On the technology front, we will be integrating biometric, biofeedback and wearable feeds intro TruClinic sessions, and will continue with additional EHR integrations. The future is bright and we're all wearing shades.","**Project Description:** TruClinic is a telehealth platform designed to enhance patient management and engagement by streamlining communication between healthcare providers and patients through customizable telehealth experiences. 

**Problem Statement:** The project aims to address the stigma and barriers associated with seeking mental health care among military service members and veterans, which can hinder their transition to civilian life and overall well-being.","```json
{
  ""alignment"": [
    ""TruClinic's approach to connecting active duty troops with VA practitioners through secure video conferencing addresses the stigma and accessibility issues related to mental health care."",
    ""The use of telehealth technologies to streamline communication and patient management demonstrates an innovative solution to improve healthcare delivery.""
  ],
  ""misalignment"": [
    ""The initial challenges faced in customer acquisition and pricing indicate a lack of market readiness for the innovative solution, which may hinder its impact."",
    ""While the technology has evolved, the reliance on traditional healthcare practices may limit the extent of innovation in transforming patient care.""
  ],
  ""scoring_evaluation"": {
    ""level_3"": {
      ""status"": ""partially met"",
      ""explanation"": ""The project introduces innovative telehealth solutions but faces challenges in market adoption and scalability.""
    },
    ""level_2"": {
      ""status"": ""partially met"",
      ""explanation"": ""The project shows some innovative aspects in technology and approach, but struggles with implementation and customer engagement.""
    },
    ""level_1"": {
      ""status"": ""fully met"",
      ""explanation"": ""The foundational concept of using telehealth to improve access to mental health care is innovative and addresses a significant problem.""
    }
  }
}
```","```json
{
  ""alignment"": [
    ""The project seeks to address the stigma associated with mental health in the military, demonstrating a curiosity about existing limitations and the need for innovative solutions."",
    ""The initiative to connect active duty troops with VA practitioners through secure video conferencing shows a creative approach to solving the problem of access to mental health care.""
  ],
  ""misalignment"": [
    ""The project primarily focuses on telehealth solutions rather than exploring broader or unaddressed problems within mental health care."",
    ""While the project has innovative aspects, it may not fully challenge existing paradigms in mental health treatment beyond the telehealth model.""
  ],
  ""scoring_evaluation"": {
    ""level_3"": {
      ""status"": ""partially met"",
      ""explanation"": ""The project demonstrates some curiosity in addressing mental health stigma and access but does not fully explore all potential innovative solutions.""
    },
    ""level_2"": {
      ""status"": ""fully met"",
      ""explanation"": ""The project effectively questions existing limitations and seeks to provide a unique solution for mental health care access.""
    },
    ""level_1"": {
      ""status"": ""did not meet"",
      ""explanation"": ""The project lacks a comprehensive exploration of broader issues and innovative approaches beyond its current focus.""
    }
  }
}
```"
